{
  "sample_counts": {
    "original_busi": 15,
    "styled_busi": 15,
    "real_bus_uclm": 15
  },
  "domain_statistics": {
    "original_busi": {
      "mean": {
        "mean": 78.40415611946442,
        "std": 26.47064355129803,
        "min": 39.512687870847266,
        "max": 129.41835778600483
      },
      "std": {
        "mean": 51.21114994396294,
        "std": 9.132727314856627,
        "min": 33.404004385629726,
        "max": 64.02395503892824
      },
      "min": {
        "mean": 0.0,
        "std": 0.0,
        "min": 0.0,
        "max": 0.0
      },
      "max": {
        "mean": 251.4,
        "std": 10.688311372709911,
        "min": 213.0,
        "max": 255.0
      },
      "median": {
        "mean": 72.6,
        "std": 33.48989897466598,
        "min": 19.0,
        "max": 136.0
      },
      "q25": {
        "mean": 33.06666666666667,
        "std": 23.025975670002683,
        "min": 5.0,
        "max": 79.0
      },
      "q75": {
        "mean": 114.46666666666667,
        "std": 34.81353504346007,
        "min": 59.0,
        "max": 171.0
      },
      "skewness": {
        "mean": 0.5937397108105477,
        "std": 0.47414418929575236,
        "min": -0.07737571701935508,
        "max": 1.5929777526467708
      },
      "kurtosis": {
        "mean": -0.15934116896193043,
        "std": 0.9467740201740577,
        "min": -1.539932763276745,
        "max": 1.953109961135894
      },
      "contrast": {
        "mean": 0.7099667302614013,
        "std": 0.2043929172058916,
        "min": 0.4008801949367368,
        "max": 1.2036493955299619
      },
      "entropy": {
        "mean": 7.244796132076132,
        "std": 0.41927148437408623,
        "min": 6.388501484340152,
        "max": 7.7872289085981485
      },
      "gradient_mean": {
        "mean": 42.091473475070494,
        "std": 9.355107907222523,
        "min": 29.156835206764747,
        "max": 60.78304652133039
      },
      "gradient_std": {
        "mean": 44.75287005532367,
        "std": 10.032604100468802,
        "min": 29.4075298311928,
        "max": 61.33966768055185
      },
      "edge_density": {
        "mean": 0.34411113565442164,
        "std": 0.01709245517313717,
        "min": 0.3191098407513271,
        "max": 0.37843418803418805
      }
    },
    "styled_busi": {
      "mean": {
        "mean": 81.29690287031772,
        "std": 3.671941202491093,
        "min": 74.39070361192461,
        "max": 87.03278386890781
      },
      "std": {
        "mean": 49.1908071726203,
        "std": 3.318950674114985,
        "min": 43.671329310960516,
        "max": 55.31962944921127
      },
      "min": {
        "mean": 2.066666666666667,
        "std": 0.9285592184789413,
        "min": 1.0,
        "max": 4.0
      },
      "max": {
        "mean": 251.06666666666666,
        "std": 1.6519348924485158,
        "min": 248.0,
        "max": 254.0
      },
      "median": {
        "mean": 70.26666666666667,
        "std": 5.272149045271345,
        "min": 61.0,
        "max": 79.0
      },
      "q25": {
        "mean": 45.86666666666667,
        "std": 2.8487814158961995,
        "min": 39.0,
        "max": 50.0
      },
      "q75": {
        "mean": 109.0,
        "std": 8.532291603080617,
        "min": 93.0,
        "max": 124.0
      },
      "skewness": {
        "mean": 0.8660475050403004,
        "std": 0.20374114338182953,
        "min": 0.45155253106691523,
        "max": 1.264163995899114
      },
      "kurtosis": {
        "mean": 0.39294085539791335,
        "std": 0.5192784152444615,
        "min": -0.4317539849126679,
        "max": 1.373558727718427
      },
      "contrast": {
        "mean": 0.6049405764579666,
        "std": 0.02717711041810733,
        "min": 0.5477274945141113,
        "max": 0.6448277485812816
      },
      "entropy": {
        "mean": 7.403354537671167,
        "std": 0.12752854130645733,
        "min": 7.143027176702677,
        "max": 7.5989924832075815
      },
      "gradient_mean": {
        "mean": 71.21013198316241,
        "std": 11.713814135262542,
        "min": 55.53243993294794,
        "max": 102.13929941382457
      },
      "gradient_std": {
        "mean": 68.7370375991526,
        "std": 14.161471843869776,
        "min": 46.85428018252158,
        "max": 101.89502981033219
      },
      "edge_density": {
        "mean": 0.3555768035221106,
        "std": 0.01795839320043146,
        "min": 0.3261019630670264,
        "max": 0.3840182855678059
      }
    },
    "real_bus_uclm": {
      "mean": {
        "mean": 64.01890467084091,
        "std": 15.603578133435839,
        "min": 33.18064487523519,
        "max": 92.82230460195552
      },
      "std": {
        "mean": 39.97590627661954,
        "std": 4.965204362504295,
        "min": 30.577013454192734,
        "max": 46.45553352993835
      },
      "min": {
        "mean": 0.06666666666666667,
        "std": 0.24944382578492943,
        "min": 0.0,
        "max": 1.0
      },
      "max": {
        "mean": 251.73333333333332,
        "std": 0.9977753031397179,
        "min": 248.0,
        "max": 252.0
      },
      "median": {
        "mean": 57.266666666666666,
        "std": 16.001944326306795,
        "min": 27.0,
        "max": 92.0
      },
      "q25": {
        "mean": 33.86666666666667,
        "std": 15.77705788655019,
        "min": 2.0,
        "max": 60.0
      },
      "q75": {
        "mean": 87.06666666666666,
        "std": 18.929577092182722,
        "min": 52.0,
        "max": 125.0
      },
      "skewness": {
        "mean": 0.9496612428938193,
        "std": 0.29508112847496193,
        "min": 0.28261655209080855,
        "max": 1.275457569306652
      },
      "kurtosis": {
        "mean": 1.1524694006866407,
        "std": 0.7835346329496732,
        "min": -0.2367589191635422,
        "max": 2.675650729399182
      },
      "contrast": {
        "mean": 0.6538148485980436,
        "std": 0.14597041051816945,
        "min": 0.46537469696490985,
        "max": 1.0162642958119479
      },
      "entropy": {
        "mean": 6.993200541691961,
        "std": 0.33596214637627797,
        "min": 5.937487846257481,
        "max": 7.384110438128376
      },
      "gradient_mean": {
        "mean": 48.0232446037873,
        "std": 14.181387865137262,
        "min": 26.948345036523243,
        "max": 87.18072695181903
      },
      "gradient_std": {
        "mean": 58.536123269637194,
        "std": 11.925801339646533,
        "min": 39.96839952063341,
        "max": 84.48276922970544
      },
      "edge_density": {
        "mean": 0.31488721302036743,
        "std": 0.010195922124950747,
        "min": 0.3019840535455415,
        "max": 0.34083233089664106
      }
    }
  },
  "effectiveness_analysis": {
    "distance_metrics": {
      "mean_mse": 298.52922178112397,
      "mean_abs_diff": 17.277998199476812,
      "std_mse": 84.91439852311568,
      "std_abs_diff": 9.214900896000763,
      "min_mse": 4.0,
      "min_abs_diff": 2.0,
      "max_mse": 0.4444444444444318,
      "max_abs_diff": 0.6666666666666572,
      "median_mse": 169.0,
      "median_abs_diff": 13.0,
      "q25_mse": 144.0,
      "q25_abs_diff": 12.0,
      "q75_mse": 481.0711111111113,
      "q75_abs_diff": 21.933333333333337,
      "skewness_mse": 0.006991257157836978,
      "skewness_abs_diff": 0.08361373785351889,
      "kurtosis_mse": 0.5768836111084104,
      "kurtosis_abs_diff": 0.7595285452887274,
      "contrast_mse": 0.002388694477222307,
      "contrast_abs_diff": 0.048874272140077,
      "entropy_mse": 0.16822630041771053,
      "entropy_abs_diff": 0.410153995979206,
      "gradient_mean_mse": 537.631746343825,
      "gradient_mean_abs_diff": 23.186887379375115,
      "gradient_std_mse": 104.05865315811275,
      "gradient_std_abs_diff": 10.200914329515406,
      "edge_density_mse": 0.001655642775199546,
      "edge_density_abs_diff": 0.040689590501743145
    },
    "quality_score": 6.737981840899215
  },