{
  "band_0_mean": 2.229252882003784,
  "band_0_std": 3.420210828781128,
  "band_0_max": 2.530554213523865,
  "band_0_energy": 2955.5496875,
  "band_0_sparsity": 5249.58,
  "band_1_mean": 2.7259705328941344,
  "band_1_std": 4.192465953826904,
  "band_1_max": 4.1288536715507504,
  "band_1_energy": 13763.433671875,
  "band_1_sparsity": 13879.44,
  "band_2_mean": 4.0616814184188845,
  "band_2_std": 6.252292108535767,
  "band_2_max": 6.953744940757751,
  "band_2_energy": 50397.610546875,
  "band_2_sparsity": 21085.42,
  "band_3_mean": 7.31642255783081,
  "band_3_std": 11.275281944274901,
  "band_3_max": 12.40006004333496,
  "band_3_energy": 229854.2053125,
  "band_3_sparsity": 27898.56,
  "band_4_mean": 14.539949417114258,
  "band_4_std": 22.50475612640381,
  "band_4_max": 27.57946590423584,
  "band_4_energy": 1215129.65125,
  "band_4_sparsity": 30531.52,
  "band_5_mean": 31.79212345123291,
  "band_5_std": 50.45055572509766,
  "band_5_max": 114.63977569580078,
  "band_5_energy": 8302502.42,
  "band_5_sparsity": 13211.04,
  "band_6_mean": 94.06656204223633,
  "band_6_std": 148.38125671386717,
  "band_6_max": 306.48441619873046,
  "band_6_energy": 31883949.96,
  "band_6_sparsity": 7174.16,
  "band_7_mean": 430.8234930419922,
  "band_7_std": 824.3626110839843,
  "band_7_max": 7817.93037109375,
  "band_7_energy": 673062103.04,
  "band_7_sparsity": 120.96
}