{
  "target_mean": 66.25912494870981,
  "target_std": 39.981925671289964,
  "target_contrast": 39.981925671289964,
  "target_brightness": 66.25912494870981,
  "target_edge_density": 0.05859652115912525,
  "target_histogram": [
    0.022927263520744597,
    0.002049357973180495,
    0.0015230421990797213,
    0.0014598349437747503,
    0.003279526258700638,
    0.0038557082927918973,
    0.004437498364322416,
    0.004238551775738318,
    0.0023931496537504195,
    0.002323954650137911,
    0.005288423118012739,
    0.005601224550025093,
    0.005875127524434685,
    0.006004353355896339,
    0.0033273333174438954,
    0.00347550818165929,
    0.007127158393409435,
    0.008247261642052051,
    0.007663470786330969,
    0.004869645843088985,
    0.004030017487730083,
    0.009026026726504426,
    0.009679896143819991,
    0.010253931351079028,
    0.005696415143850834,
    0.005880801281062684,
    0.010175813142061865,
    0.009948125361601569,
    0.006644304909462909,
    0.006082398543592678,
    0.011740185408727788,
    0.013106516551187832,
    0.011974255252628064,
    0.007959594148667204,
    0.006321609088478939,
    0.012853461163873398,
    0.012290035954530034,
    0.008728808044355845,
    0.008858545025063258,
    0.012015658341535089,
    0.014275726638084376,
    0.013534341167761635,
    0.008478556675761034,
    0.008540215879064538,
    0.01183663196927169,
    0.013030399126361222,
    0.008804684498823719,
    0.007774280640680889,
    0.01438325053299723,
    0.013368772624926044,
    0.008972202710925296,
    0.007858766308873876,
    0.01342016503052176,
    0.012311182929040564,
    0.008979030204422315,
    0.008971523612641634,
    0.011155627829138048,
    0.012208507649830405,
    0.008847533409883047,
    0.010959609395518993,
    0.008740922281480485,
    0.011880152676482604,
    0.008620291059479777,
    0.010659623205311192,
    0.007436038580493565,
    0.011507583293376067,
    0.009341632177236416,
    0.010249864063509162,
    0.007163062976858433,
    0.009058272941780158,
    0.008974736550757884,
    0.005978686361626817,
    0.009745608030429209,
    0.00963618558117494,
    0.006726848210521991,
    0.005731896203639056,
    0.008407762505222481,
    0.007392291507188103,
    0.0063948859839254996,
    0.008044612872502204,
    0.008765530466598056,
    0.006126970757823442,
    0.007700010655271138,
    0.0067232409572733,
    0.007455075238832296,
    0.006686211845483614,
    0.006420085641741752,
    0.00709388257751009,
    0.006911088305092192,
    0.006106466370936158,
    0.005968222406352783,
    0.005148674914220394,
    0.005075763125377957,
    0.005001536952760697,
    0.0069712943841113055,
    0.004815836431774017,
    0.004753724496281403,
    0.004010031552220643,
    0.0058643203689527825,
    0.006058725031381648,
    0.004403010394497395,
    0.0037304913318434623,
    0.005431844294242505,
    0.004163588087780742,
    0.004088076739916983,
    0.005669645527636875,
    0.003914636498696597,
    0.003838504469605837,
    0.004834931507169406,
    0.004710941304410817,
    0.0031095107174268838,
    0.00353943834804041,
    0.004402112232251263,
    0.004305191033122002,
    0.002825289830384908,
    0.0032281922701615936,
    0.0040004511549285755,
    0.002637026261037317,
    0.0034075326341045306,
    0.003723532399968969,
    0.003605398507140434,
    0.002360253548719359,
    0.002680700313021956,
    0.0033524015368826612,
    0.0029333613852039414,
    0.0021841480292889106,
    0.0027627762776277643,
    0.002691054736314753,
    0.002301055163927608,
    0.001942060444362193,
    0.0024952334602619144,
    0.0027129100176372786,
    0.002341173077588133,
    0.0020356007563373155,
    0.010317233534101067,
    0.002795577454941755,
    0.002605057526780717,
    0.002043465152590025,
    0.0023142063038079515,
    0.0020920681437302615,
    0.00199165652546563,
    0.0021151501832426234,
    0.0020262686315360504,
    0.002090388653351315,
    0.0019010370663234545,
    0.0020337022019958997,
    0.0017167020440361797,
    0.0016407160575870683,
    0.001590930121049489,
    0.0015204791507188095,
    0.0014660125475164348,
    0.0014076393036499917,
    0.0013458778704973301,
    0.00130040749402043,
    0.0012581500556597717,
    0.0012118326318613158,
    0.0010266359579883223,
    0.0010232039559096098,
    0.0009614790334173608,
    0.0009220329159084131,
    0.0008433086299284128,
    0.0008637472976269586,
    0.0008334215430888888,
    0.0007158645186948607,
    0.0008659525415158336,
    0.0008203142160010393,
    0.0008347651353920443,
    0.0007623206830028799,
    0.0007354999518643454,
    0.0009061799871575945,
    0.0006843120059669526,
    0.0006445957095709569,
    0.0006240840205515881,
    0.0005721439550497106,
    0.0005754007059584463,
    0.0009072607027057848,
    0.0005757146976379878,
    0.0005113829139923336,
    0.00044813914802695225,
    0.0004289637491786565,
    0.0003698018750473179,
    0.00041332988439030826,
    0.0003890064824239434,
    0.00033716134463913683,
    0.0003623902109837151,
    0.0003946729369198602,
    0.00040932101387708875,
    0.00033172125623777334,
    0.0003522767580496367,
    0.0003347151303915438,
    0.000320096261962645,
    0.00031552512727908304,
    0.0002999277731511472,
    0.0002578528880925477,
    0.00028059902952912115,
    0.0002737861402962726,
    0.0002604743535101173,
    0.00043405333524006623,
    0.00025526063120330717,
    0.00027507131554276916,
    0.00022917741540509192,
    0.0003446533321556456,
    0.0002141715339758276,
    0.00030141010596386713,
    0.0002015315433412502,
    0.00019376207480561132,
    0.00018323240034283814,
    0.00017622965567584798,
    0.00015303808418225005,
    0.0001678760165736201,
    0.00014195344768121672,
    0.00023482926563684402,
    0.00013481926463674405,
    0.00014156643468085127,
    0.0002353769255430216,
    0.00012077726464235206,
    0.000129605542329934,
    0.00029610145593998656,
    0.00012290218507832092,
    0.00010637746017592418,
    0.00011647630884583792,
    0.00011099240765198014,
    9.80092168095314e-05,
    0.00010594663438306452,
    0.00010393124592833112,
    8.803450438501798e-05,
    0.00020832252617785152,
    0.00015111032131250512,
    8.623087776067327e-05,
    8.750875087508752e-05,
    8.338304624855015e-05,
    9.132776595416555e-05,
    0.00012250056781379075,
    0.00010985327504713083,
    0.00011759353505443997,
    0.00018451027345725226,
    0.00013086881118018343,
    0.00015061377633090423,
    9.139348514290688e-05,
    8.681504832726267e-05,
    9.28320051631332e-05,
    8.322970147482041e-05,
    0.00014195344768121675,
    0.00012177035460555402,
    0.0001156000529959539,
    0.00010039701400046536,
    8.320049294649099e-05,
    6.776378572436687e-05,
    8.041107849102664e-05,
    6.0870573038612335e-05,
    7.372232550357839e-05,
    7.678191884609027e-05,
    5.957079352795095e-05,
    0.00046211542883260287,
    2.7309973988053008e-06,
    2.9383779499445273e-05
  ]
}